Hydrocharitaceae/Elodea /Elodea _canadensis
Hydrocharitaceae/Vallisneria/Vallisneria_spiralis_F
Hydrocharitaceae/Stratiotes/Stratiotes_aloides_M
Alismataceae/Alisma/Alisma_plantago
Alismataceae/Damasonium/Damasonium_californicum
Alismataceae/Echinodorus/Echinodorus_parvulus
Alismataceae/Echinodorus/Echinodorus_rostratus
Alismataceae/Sagittaria/Sagittaria_calycina
Butomaceae/Butomus/Butomus_umbellatus
Cyperaceae/Limnocharis/Limnocharis_sp
Juncaginaceae/Triglochin/Triglochin_maritima
Juncaginaceae/Triglochin/Triglochin_montevidensis
Acoraceae/Acorus/Acorus_calamus
Acoraceae/Gymnostachys/Gymnostachys_anceps
Arecaceae/Chamaedorea/Chamaedorea_sp
Arecaceae/Morenia/Morenia_poeppigiana
Arecaceae/Synechanthus/Synechanthus_fibrosus
Arecaceae/Pinanga/Pinanga_nenga
Arecaceae/Geonoma/Geonoma_acaulis
Typhaceae/Sparganium/Sparganium_sp_F
Typhaceae/Typha/Typha_angustifolia_F
Cyperaceae/Scirpus/Scirpus_sylvaticus
Cyperaceae/Eleocharis/Eleocharis_palustris
Cyperaceae/Eriophorum/Eriophorum_angustifolium
Poaceae/Bambusa/Bambusa_sp
Poaceae/Streptochaeta/Streptochaeta_spicata
Poaceae/Anthoxanthum/Anthoxanthum_odoratum
Poaceae/Oryza/Oryza_sativa
Restionaceae/Aphelia/Aphelia_brizula
Restionaceae/Aphelia/Aphelia_cyperoides
Restionaceae/Gaimardia/Gaimardia_setacea
Restionaceae/Alepyrum/Alepyrum_pallidum
Restionaceae/Centrolepis/Centrolepis_strigosa
Restionaceae/Anarthria/Anarthria_sp
Restionaceae/Restio/Restio_sp_F
Eriocaulaceae/Eriocaulon/Eriocaulon_sp
Eriocaulaceae/Paepalanthus/Paepalanthus_sp
Xyridaceae/Xyris/Xyris_sp
Mayacaceae/Mayaca/Mayaca_vandellii
Rapateaceae/Spathanthus/Spathanthus_unilateralis
Commelinaceae/Dichorisandra/Dichorisandra_ovata
Commelinaceae/Commelina/Commelina_coelestis
Commelinaceae/Callisia/Callisia_rosea
Juncaceae/Juncus/Juncus_articulatus
Juncaceae/Luzula/Luzula_campestris
Juncaceae/Juncus/Juncus_bufonius
Juncaceae/Luzula/Luzula_canariensis
Melanthiaceae/Veratrum/Veratrum_album
Melanthiaceae/Tofieldia/Tofieldia_calyculata
Asparagaceae/Convallaria/Convallaria_majalis
Asphodelaceae/Dianella/Dianella_longifolia
Melanthiaceae/Paris/Paris_quadrifolia
Asparagaceae/Maianthemum/Maianthemum_bifolium
Asparagaceae/Aspidistra/Aspidistra_elatior
Stemonaceae/Stemona/Stemona_tuberosa
Hyacinthaceae/Ornithogalum/Ornithogalum_umbellatum
Liliaceae/Lilium/Lilium_bulbiferum
Hemerocallidaceae/Hemerocallis/Hemerocallis_fulva
Amaryllidaceae/Galanthus/Galanthus_nivalis
Amaryllidaceae/Narcissus/Narcissus_sp
Hypoxidaceae/Hypoxis/Hypoxis_villosa
Dioscoreaceae/Dioscorea/Dioscorea_sp
Iridaceae/Iris/Iris_pseudacorus
Iridaceae/Gladiolus/Gladiolus_cardinalis
Velloziaceae/Barbacenia/Barbacenia_sp
Velloziaceae/Vellozia/Vellozia_graminea
Pontederiaceae/Pontederia/Pontederia_crassipes
Bromeliaceae/Billbergia/Billbergia_amoena
Heliconiaceae/Heliconia/Heliconia_metallica
Musaceae/Musa/Musa_rosacea
Strelitziaceae/Strelitzia/Strelitzia_reginae
Iridaceae/Renealmia/Renealmia_sp
Cannaceae/Canna/Canna_indica
Marantaceae/Maranta/Maranta_bicolor
Marantaceae/Calathea/Calathea_sp
Burmanniaceae/Burmannia/Burmannia_bicolor
Orchidaceae/Orchis/Orchis_sp
Orchidaceae/Cypripedilum/Cypripedilum_sp
Orchidaceae/Catasetum/Catasetum_tridentatum
Orchidaceae/Phaius/Phaius_wallichii
Orchidaceae/Neuwiedia/Neuwiedia_sp
Orchidaceae/Apostasia/Apostasia_sp
Convolvulaceae/Calystegia/Calystegia_sepium
Convolvulaceae/Ipomoea/Ipomoea_purpurea
Convolvulaceae/Cuscuta/Cuscuta_epithymum
Convolvulaceae/Cuscuta/Cuscuta_prismatica
Polemoniaceae/Polemonium/Polemonium_caeruleum
Hydrophyllaceae/Hydrophyllum/Hydrophyllum_virginianum
Hydrophyllaceae/Hydrolea/Hydrolea_spinosa
Boraginaceae/Anchusa/Anchusa_officinalis
Boraginaceae/Echium/Echium_vulgare
Boraginaceae/Cordia/Cordia_spinescens
Solanaceae/Nicandra/Nicandra_physalodes
Solanaceae/Petunia/Petunia_nyctaginiflora
Solanaceae/Schizanthus/Schizanthus_grahamii
Solanaceae/Datura/Datura_stramonium
Solanaceae/Hyoscyamus/Hyoscyamus_albus
Solanaceae/Salpiglossis/Salpiglossis_sinuata
Scrophulariaceae/Verbascum/Verbascum_nigrum
Scrophulariaceae/Linaria/Linaria_vulgaris
Scrophulariaceae/Gratiola/Gratiola_officinalis
Scrophulariaceae/Veronica/Veronica_chamaedrys
Scrophulariaceae/Lathraea/Lathraea_squamaria
Lentibulariaceae/Utricularia/Utricularia_vulgaris
Lentibulariaceae/Pinguicula/Pinguicula_alpina
Bignoniaceae/Bignonia/Bignonia_unguis
Acanthaceae/Acanthus/Acanthus_mollis
Acanthaceae/Eranthemum/Eranthemum_nervosum
Gesneriaceae/Gesnera/Gesnera_sp
Scrophulariaceae/Orobanche/Orobanche_flava
Scrophulariaceae/Hebenstretia/Hebenstretia_dentata
Plantaginaceae/Globularia/Globularia_nudicaulis
Scrophulariaceae/Myoporum/Myoporum_parvifolium
Plantaginaceae/Plantago/Plantago_media
Plantaginaceae/Littorella/Littorella_lacustris
Verbenaceae/Verbena/Verbena_officinalis
Lamiaceae/Lamium/Lamium_album
Lamiaceae/Salvia/Salvia_officinalis
Oleaceae/Fraxinus/Fraxinus_excelsior
Oleaceae/Fraxinus/Fraxinus_dipetala
Oleaceae/Olea/Olea_europaea
Oleaceae/Chionanthus/Chionanthus_fluminensis
Oleaceae/Ligustrum/Ligustrum_vulgare
Oleaceae/Jasminum/Jasminum_nudiflorum
Oleaceae/Jasminum/Jasminum_gracile
Oleaceae/Nyctanthes/Nyctanthes_arbor-tristis
Gentianaceae/Swertia/Swertia_persica
Gentianaceae/Gentiana/Gentiana_verna
Menyanthaceae/Menyanthes/Menyanthes_trifoliata
Loganiaceae/Strychnos/Strychnos_nux-vomica
Loganiaceae/Logania/Logania_neriifolia
Loganiaceae/Antonia/Antonia_ovata
Loganiaceae/Anthocleista/Anthocleista_procera
Apocynaceae/Vinca/Vinca_minor
Apocynaceae/Geissospermum/Geissospermum_vellosii
Apocynaceae/Asclepias/Asclepias_syriaca
Rubiaceae/Asperula/Asperula_arvensis
Rubiaceae/Rubia/Rubia_tinctorum
Rubiaceae/Asperula/Asperula_tinctoria
Rubiaceae/Sherardia/Sherardia_arvensis
Caprifoliaceae/Sambucus/Sambucus_canadensis
Caprifoliaceae/Symphoria/Symphoria_racemosa
Caprifoliaceae/Sambucus/Sambucus_ebulus
Caprifoliaceae/Viburnum/Viburnum_lantana
Caprifoliaceae/Weigelia/Weigelia_sp
Caprifoliaceae/Linnaea/Linnaea_borealis
Caprifoliaceae/Lonicera/Lonicera_tatarica
Caprifoliaceae/Valeriana/Valeriana_officinalis
Caprifoliaceae/Valerianella/Valerianella_coronata
Caprifoliaceae/Valerianella/Valerianella_dentata
Caprifoliaceae/Patrinia/Patrinia_rupestris
Caprifoliaceae/Fedia/Fedia_cornucopiae
Caprifoliaceae/Centranthus/Centranthus_ruber
Caprifoliaceae/Scabiosa/Scabiosa_atropurpurea
Caprifoliaceae/Pterocephalus/Pterocephalus_palaestinus
Caprifoliaceae/Dipsacus/Dipsacus_pilosus
Caprifoliaceae/Knautia/Knautia_arvensis
Caprifoliaceae/Morina/Morina_persica
Asteraceae/Carduus/Carduus_crispus
Campanulaceae/Campanula/Campanula_medium
Campanulaceae/Platycodon/Platycodon_grandiflorus
Campanulaceae/Specularia/Specularia_speculum
Campanulaceae/Phyteuma/Phyteuma_spicatum
Campanulaceae/Lobelia/Lobelia_cardinalis
Goodeniaceae/Goodenia/Goodenia_ovata
Stylidiaceae/Stylidium/Stylidium_adnatum
Cucurbitaceae/Cucurbita/Cucurbita_pepo_F
Cucurbitaceae/Ecballium/Ecballium_elaterium_M
Cucurbitaceae/Bryonia/Bryonia_dioica_M
Cucurbitaceae/Cyclanthera/Cyclanthera_brachystachya_M
Cucurbitaceae/Sicyos/Sicyos_angulatus_M
Primulaceae/Primula/Primula_vulgaris
Primulaceae/Lysimachia/Lysimachia_maritima
Primulaceae/Lysimachia/Lysimachia_thyrsiflora
Plumbaginaceae/Statice/Statice_latifolia
Plumbaginaceae/Plumbago/Plumbago_larpentae
Primulaceae/Myrsine/Myrsine_africana_M
Primulaceae/Jacquinia/Jacquinia_armillaris
Sapotaceae/Chrysophyllum/Chrysophyllum_sp
Sapotaceae/Sideroxylon/Sideroxylon_sp
Sapotaceae/Pouteria/Pouteria_salicifolia
Sapotaceae/Pouteria/Pouteria_venosa
Sapotaceae/Manilkara/Manilkara_zapota
Sapotaceae/Sideroxylon/Sideroxylon_salicifolium
Sapotaceae/Manilkara/Manilkara_subsericea
Sapotaceae/Palaquium/Palaquium_gutta
Ericaceae/Epacris/Epacris_sp
Ericaceae/Leucopogon/Leucopogon_cunninghamii
Ericaceae/Vaccinium/Vaccinium_vitis-idaea
Ericaceae/Erica/Erica_carnea
Ericaceae/Rhododendron/Rhododendron_hirsutum
Ericaceae/Azalea/Azalea_pontica
Ericaceae/Pyrola/Pyrola_rotundifolia
Ericaceae/Monotropa/Monotropa_hypopitys
Saururaceae/Saururus/Saururus_cernuus
Saururaceae/Houttuynia/Houttuynia_cordata
Lacistemataceae/Lacistema/Lacistema_lucidum
Betulaceae/Alnus/Alnus_glutinosa
Betulaceae/Betula/Betula_pubescens
Betulaceae/Corylus/Corylus_avellana
Betulaceae/Carpinus/Carpinus_betulus
Fagaceae/Castanea/Castanea_vulgaris_M
Fagaceae/Fagus/Fagus_sylvatica
Fagaceae/Quercus/Quercus_robur
Juglandaceae/Pterocarya/Pterocarya_fraxinifolia_M
Juglandaceae/Carya/Carya_cordiformis_M
Juglandaceae/Juglans/Juglans_regia_F
Juglandaceae/Carya/Carya_alba_F
Juglandaceae/Engelhardtia/Engelhardtia_sp
Juglandaceae/Platycarya/Platycarya_strobilacea_F
Myricaceae/Myrica/Myrica_gale_M
Myricaceae/Myrica/Myrica_cerifera_M
Casuarinaceae/Allocasuarina/Allocasuarina_striata
Casuarinaceae/Allocasuarina/Allocasuarina_verticillata_M
Casuarinaceae/Allocasuarina/Allocasuarina_humilis_F
Salicaceae/Salix/Salix_alba_F
Salicaceae/Populus/Populus_tremula_F
Salicaceae/Salix/Salix_caprea_M
Salicaceae/Salix/Salix_purpurea_M
Salicaceae/Salix/Salix_triandra_M
Urticaceae/Urtica/Urtica_dioica_M
Urticaceae/Elatostema/Elatostema_sp
Urticaceae/Pilea/Pilea_muscosa
Moraceae/Broussonetia/Broussonetia_papyrifera
Moraceae/Ficus/Ficus_carica
Moraceae/Morus/Morus_alba_M
Moraceae/Pharmacosycea/Pharmacosycea_sp_M
Urticaceae/Coussapoa/Coussapoa_sp_M
Moraceae/Dorstenia/Dorstenia_arifolia_M
Cannabaceae/Cannabis/Cannabis_sativa_M
Ulmaceae/Ulmus/Ulmus_glabra
Ulmaceae/Celtis/Celtis_australis
Polygonaceae/Pterostegia/Pterostegia_drymarioides
Polygonaceae/Rheum/Rheum_sp
Polygonaceae/Rumex/Rumex_sp
Polygonaceae/Fagopyrum/Fagopyrum_tataricum
Polygonaceae/Persicaria/Persicaria_orientalis
Polygonaceae/Persicaria/Persicaria_amphibia
Polygonaceae/Oxyria/Oxyria_digyna
Polygonaceae/Polygonum/Polygonum_diospyrifolium
Polygonaceae/Coccoloba/Coccoloba_marginata
Polygonaceae/Persicaria/Persicaria_bistorta
Amaranthaceae/Suaeda/Suaeda_maritima
Amaranthaceae/Spinacia/Spinacia_sp
Amaranthaceae/Chenopodium/Chenopodium_foliosum
Amaranthaceae/Salicornia/Salicornia_europaea
Amaranthaceae/Corispermum/Corispermum_hyssopifolium
Amaranthaceae/Corispermum/Corispermum_marschallii
Amaranthaceae/Monolepis/Monolepis_nuttalliana
Amaranthaceae/Atriplex/Atriplex_littoralis_F
Amaranthaceae/Chenopodium/Chenopodium_album
Amaranthaceae/Beta/Beta_lomatogona
Amaranthaceae/Echinopsilon/Echinopsilon_eriophorum
Amaranthaceae/Amaranthus/Amaranthus_cannabinus
Amaranthaceae/Celosia/Celosia_argentea
Amaranthaceae/Gomphrena/Gomphrena_globosa
Amaranthaceae/Desmochaeta/Desmochaeta_atropurpurea
Phytolaccaceae/Microtea/Microtea_maypurensis
Phytolaccaceae/Rivina/Rivina_humilis
Phytolaccaceae/Petiveria/Petiveria_alliacea
Phytolaccaceae/Phytolacca/Phytolacca_icosandra
Phytolaccaceae/Phytolacca/Phytolacca_sp
Phytolaccaceae/Phytolacca/Phytolacca_americana
Phytolaccaceae/Seguiera/Seguiera_sp
Nyctaginaceae/Mirabilis/Mirabilis_jalapa
Nyctaginaceae/Mirabilis/Mirabilis_violacea
Nyctaginaceae/Bougainvillea/Bougainvillea_spectabilis
Caryophyllaceae/Silene/Silene_viscaria
Caryophyllaceae/Silene/Silene_vulgaris
Caryophyllaceae/Dianthus/Dianthus_plumarius
Caryophyllaceae/Spergula/Spergula_arvensis
Caryophyllaceae/Sagina/Sagina_procumbens
Caryophyllaceae/Stellaria/Stellaria_media
Caryophyllaceae/Moehringia/Moehringia_muscosa
Caryophyllaceae/Buffonia/Buffonia_sp
Caryophyllaceae/Corrigiola/Corrigiola_litoralis
Caryophyllaceae/Herniaria/Herniaria_ciliolata
Brassicaceae/Paronychia/Paronychia_sp
Caryophyllaceae/Anychia/Anychia_dichotoma
Caryophyllaceae/Mniarum/Mniarum_biflorum
Aizoaceae/Sesuvium/Sesuvium_pentandrum
Aizoaceae/Sesuvium/Sesuvium_portulacastrum
Molluginaceae/Mollugo/Mollugo_verticillata
Aizoaceae/Tetragonia/Tetragonia_crystallina
Aizoaceae/Mesembryanthemum/Mesembryanthemum_violaceum
Portulacaceae/Calandrinia/Calandrinia_procumbens
Portulacaceae/Montia/Montia_fontana
Portulacaceae/Calandrinia/Calandrinia_speciosa
Portulacaceae/Portulaca/Portulaca_oleracea
Portulacaceae/Portulaca/Portulaca_grandiflora
Basellaceae/Basella/Basella_alba
Lauraceae/Persea/Persea_sp
Lauraceae/Camphora/Camphora_officinarum
Lauraceae/Neolitsea/Neolitsea_zeylanica
Lauraceae/Laurus/Laurus_nobilis
Berberidaceae/Berberis/Berberis_vulgaris
Berberidaceae/Mahonia/Mahonia_aquifolium
Berberidaceae/Epimedium/Epimedium_alpinum
Berberidaceae/Nandina/Nandina_domestica
Menispermaceae/Cocculus/Cocculus_carolinus
Menispermaceae/Abuta/Abuta_rufescens
Menispermaceae/Sychnosepalum/Sychnosepalum_sp
Menispermaceae/Cissampelos/Cissampelos_sp_M
Myristicaceae/Myristica/Myristica_fragrans_M
Annonaceae/Annona/Annona_coriacea
Annonaceae/Asimina/Asimina_triloba
Annonaceae/Bocagea/Bocagea_heterantha
Magnoliaceae/Magnolia/Magnolia_grandiflora
Magnoliaceae/Liriodendron/Liriodendron_tulipifera
Calycanthaceae/Calycanthus/Calycanthus_floridus
Ranunculaceae/Anemone/Anemone_nemorosa
Ranunculaceae/Ranunculus/Ranunculus_acris
Ranunculaceae/Adonis/Adonis_annua
Ranunculaceae/Aconitum/Aconitum_lycoctonum
Ranunculaceae/Aconitum/Aconitum_napellus
Ranunculaceae/Consolida/Consolida_ajacis
Ranunculaceae/Delphinium/Delphinium_staphisagria
Ranunculaceae/Delphinium/Delphinium_pentagynum
Ranunculaceae/Xanthorhiza/Xanthorhiza_simplicissima
Ranunculaceae/Aquilegia/Aquilegia_vulgaris
Ranunculaceae/Eranthis/Eranthis_hyemalis
Ranunculaceae/Nigella/Nigella_damascena
Ranunculaceae/Helleborus/Helleborus_viridis
Ranunculaceae/Nigella/Nigella_nigellastrum
Ranunculaceae/Nigellastrum/Nigellastrum_orientale
Ranunculaceae/Actaea/Actaea_racemosa
Paeoniaceae/Paeonia/Paeonia_officinalis
Ranunculaceae/Clematis/Clematis_integrifolia
Nymphaeaceae/Nuphar/Nuphar_lutea
Nymphaeaceae/Nymphaea/Nymphaea_alba
Papaveraceae/Papaver/Papaver_cambricum
Papaveraceae/Platystemon/Platystemon_californicus
Papaveraceae/Macleaya/Macleaya_cordata
Papaveraceae/Dicentra/Dicentra_formosa
Papaveraceae/Corydalis/Corydalis_cava
Papaveraceae/Hypecoum/Hypecoum_procumbens
Capparaceae/Cleome/Cleome_spinosa
Capparaceae/Capparis/Capparis_spinosa
Resedaceae/Randonia/Randonia_africana
Resedaceae/Sesamoides/Sesamoides_interrupta
Resedaceae/Reseda/Reseda_odorata
Resedaceae/Reseda/Reseda_alba
Resedaceae/Reseda/Reseda_luteola
Resedaceae/Oligomeris/Oligomeris_dipetala
Resedaceae/Oligomeris/Oligomeris_subulata
Violaceae/Viola/Viola_sp
Violaceae/Alsodeia/Alsodeia_sp
Droseraceae/Drosera/Drosera_rotundifolia
Droseraceae/Aldrovanda/Aldrovanda_vesiculosa
Droseraceae/Dionaea/Dionaea_muscipula
Sarraceniaceae/Sarracenia/Sarracenia_purpurea
Sarraceniaceae/Darlingtonia/Darlingtonia_californica
Sarraceniaceae/Heliamphora/Heliamphora_nutans
Nepenthaceae/Nepenthes/Nepenthes_sp_M
Cistaceae/Cistus/Cistus_acutifolius
Cistaceae/Helianthemum/Helianthemum_nummularium
Cistaceae/Lechea/Lechea_drummondii
Bixaceae/Bixa/Bixa_orellana
Salicaceae/Carpotroche/Carpotroche_longifolia
Salicaceae/Laetia/Laetia_suaveolens
Clusiaceae/Vismia/Vismia_cayennensis
Clusiaceae/Hypericum/Hypericum_quadrangulum
Clusiaceae/Hypericum/Hypericum_virginicum
Clusiaceae/Ascyrum/Ascyrum_stans
Frankeniaceae/Frankenia/Frankenia_pulverulenta
Elatinaceae/Elatine/Elatine_alsinastrum
Elatinaceae/Elatine/Elatine_hexandra
Elatinaceae/Elatine/Elatine_triandra
Elatinaceae/Bergia/Bergia_ammannioides
Elatinaceae/Elatine/Elatine_minima
Tamaricaceae/Myricaria/Myricaria_germanica
Tamaricaceae/Tamarix/Tamarix_tetrandra
Theaceae/Camellia/Camellia_japonica
Theaceae/Ternstroemia/Ternstroemia_sylvatica
Theaceae/Visnea/Visnea_mocanera
Theaceae/Gordonia/Gordonia_lasianthus
Marcgraviaceae/Ruyschia/Ruyschia_amazonica
Marcgraviaceae/Norantea/Norantea_sp
Dilleniaceae/Tetracera/Tetracera_volubilis
Dilleniaceae/Davilla/Davilla_rugosa
Actinidiaceae/Actinidia/Actinidia_strigosa
Dilleniaceae/Adrastaea/Adrastaea_salicifolia
Dilleniaceae/Hibbertia/Hibbertia_glaberrima
Dilleniaceae/Hibbertia/Hibbertia_trachyphylla
Dilleniaceae/Hibbertia/Hibbertia_microphylla
Clusiaceae/Clusia/Clusia_nemorosa_F
Clusiaceae/Clusia/Clusia_comans_M
Clusiaceae/Platonia/Platonia_insignis
Clusiaceae/Havetiopsis/Havetiopsis_martii
Clusiaceae/Havetiopsis/Havetiopsis_laurifolia
Clusiaceae/Clusia/Clusia_obovata_M
Clusiaceae/Oedematopus/Oedematopus_dodecandrus
Clusiaceae/Tovomita/Tovomita_brasiliensis
Ochnaceae/Sauvagesia/Sauvagesia_guianensis
Ochnaceae/Sauvagesia/Sauvagesia_sprengelii
Malvaceae/Tilia/Tilia_grandifolia
Malvaceae/Tilia/Tilia_americana
Malvaceae/Mollia/Mollia_sp
Malvaceae/Luhea/Luhea_sp
Malvaceae/Corchorus/Corchorus_siliquosus
Malvaceae/Sparmannia/Sparmannia_africana
Malvaceae/Prockia/Prockia_crucis
Malvaceae/Rulingia/Rulingia_corylifolia
Malvaceae/Hermannia/Hermannia_denudata
Malvaceae/Melochia/Melochia_pyramidata
Malvaceae/Dombeya/Dombeya_sp
Malvaceae/Alcea/Alcea_rosea
Malvaceae/Hibiscus/Hibiscus_trionum
Malvaceae/Malope/Malope_trifida
Malvaceae/Sidalcea/Sidalcea_diploscypha
Geraniaceae/Geranium/Geranium_pratense
Geraniaceae/Erodium/Erodium_cicutarium
Geraniaceae/Pelargonium/Pelargonium_zonale
Geraniaceae/Monsonia/Monsonia_burkeana
Tropaeolaceae/Tropaeolum/Tropaeolum_pentaphyllum
Limnanthaceae/Limnanthes/Limnanthes_douglasii
Limnanthaceae/Floerkea/Floerkea_proserpinacoides
Oxalidaceae/Oxalis/Oxalis_corniculata
Oxalidaceae/Oxalis/Oxalis_acetosella
Linaceae/Linum/Linum_austriacum
Linaceae/Reinwardtia/Reinwardtia_indica
Linaceae/Radiola/Radiola_millegrana
Balsaminaceae/Impatiens/Impatiens_glanduligera
Balsaminaceae/Impatiens/Impatiens_scabrida
Zygophyllaceae/Tribulus/Tribulus_terrestris
Zygophyllaceae/Zygophyllum/Zygophyllum_fabago
Zygophyllaceae/Peganum/Peganum_harmala
Zygophyllaceae/Guaiacum/Guaiacum_angustifolium
Rutaceae/Ruta/Ruta_graveolens
Zygophyllaceae/Tetradiclis/Tetradiclis_tenella
Rutaceae/Thamnosma/Thamnosma_texana
Rutaceae/Galipea/Galipea_jasminiflora
Rutaceae/Ertela/Ertela_trifolia
Rutaceae/Coleonema/Coleonema_album
Rutaceae/Citrus/Citrus_aurantium
Rutaceae/Glycosmis/Glycosmis_pentaphylla
Rutaceae/Triphasia/Triphasia_trifoliata
Meliaceae/Melia/Melia_azedarach
Anacardiaceae/Schinus/Schinus_molle
Anacardiaceae/Cotinus/Cotinus_coggygria
Anacardiaceae/Anacardium/Anacardium_occidentale
Coriariaceae/Coriaria/Coriaria_myrtifolia
Malpighiaceae/Byrsonima/Byrsonima_macrophylla
Malpighiaceae/Stigmaphyllon/Stigmaphyllon_sp
Malpighiaceae/Hiptage/Hiptage_madablota
Malpighiaceae/Janusia/Janusia_amazonica
Malpighiaceae/Camarea/Camarea_triphylla
Trigoniaceae/Trigonia/Trigonia_eriosperma
Sapindaceae/Aesculus/Aesculus_hippocastanum
Sapindaceae/Urvillea/Urvillea_sp
Sapindaceae/Acer/Acer_pseudoplatanus
Sapindaceae/Acer/Acer_saccharinum_M
Greyiaceae/Melianthus/Melianthus_minor
Polygalaceae/Polygala/Polygala_myrtifolia
Polygalaceae/Muraltia/Muraltia_heisteria
Elaeocarpaceae/Platytheca/Platytheca_verticillata
Elaeocarpaceae/Tetratheca/Tetratheca_hirsuta
Vochysiaceae/Salvertia/Salvertia_sp
Vochysiaceae/Vochysia/Vochysia_oppugnata
Vochysiaceae/Qualea/Qualea_macropetala
Celastraceae/Euonymus/Euonymus_europaeus
Celastraceae/Maytenus/Maytenus_boaria
Malvaceae/Glossostemon/Glossostemon_sp
Staphyleaceae/Staphylea/Staphylea_trifoliata
Celastraceae/Hippocratea/Hippocratea_schimperiana
Celastraceae/Stackhousia/Stackhousia_spathulata
Pittosporaceae/Pittosporum/Pittosporum_undulatum
Aquifoliaceae/Ilex/Ilex_aquifolium
Rhamnaceae/Rhamnus/Rhamnus_cathartica
Rhamnaceae/Rhamnus/Rhamnus_frangula
Rhamnaceae/Ziziphus/Ziziphus_vulgaris
Vitaceae/Cissus/Cissus_sp
Vitaceae/Parthenocissus/Parthenocissus_quinquefolia
Euphorbiaceae/Euphorbia/Euphorbia_peplus
Euphorbiaceae/Acalypha/Acalypha_phleoides_M
Euphorbiaceae/Manihot/Manihot_esculenta_M
Euphorbiaceae/Ricinus/Ricinus_communis
Euphorbiaceae/Chrozophora/Chrozophora_tinctoria
Euphorbiaceae/Croton/Croton_tiglium
Ericaceae/Empetrum/Empetrum_nigrum
Apiaceae/Eryngium/Eryngium_maritimum
Araliaceae/Hedera/Hedera_helix
Araliaceae/Aralia/Aralia_spinosa
Cornaceae/Cornus/Cornus_sanguinea
Garryaceae/Aucuba/Aucuba_japonicaa_F
Crassulaceae/Crassula/Crassula_peduncularis
Crassulaceae/Kalanchoe/Kalanchoe_laciniata
Crassulaceae/Crassula/Crassula_lactea
Crassulaceae/Echeveria/Echeveria_gibbiflora
Crassulaceae/Sedum/Sedum_hispanicum
Crassulaceae/Sempervivum/Sempervivum_montanum
Crassulaceae/Aeonium/Aeonium_aureum
Crassulaceae/Sedum/Sedum_roseum_M
Saxifragaceae/Saxifraga/Saxifraga_granulata
Saxifragaceae/Saxifraga/Saxifraga_stolonifera
Saxifragaceae/Heuchera/Heuchera_americana
Saxifragaceae/Mitellopsis/Mitellopsis_pentandra
Saxifragaceae/Chrysosplenium/Chrysosplenium_alternifolium
Celastraceae/Parnassia/Parnassia_palustris
Saxifragaceae/Francoa/Francoa_ramosa
Hydrangeaceae/Philadelphus/Philadelphus_coronarius
Hydrangeaceae/Deutzia/Deutzia_crenata
Escalloniaceae/Escallonia/Escallonia_paniculata
Grossulariaceae/Ribes/Ribes_sanguineum
Grossulariaceae/Ribes/Ribes_alpinum
Cephalotaceae/Cephalotus/Cephalotus_follicularis
Hamamelidaceae/Hamamelis/Hamamelis_virginica
Salicaceae/Homalium/Homalium_sp
Salicaceae/Homalium/Homalium_nepalense
Salicaceae/Casearia/Casearia_arborea
Passifloraceae/Passiflora/Passiflora_sp
Caricaceae/Carica/Carica_papaya
Passifloraceae/Turnera/Turnera_sp
Loasaceae/Mentzelia/Mentzelia_lindleyi
Gentianaceae/Bartonia/Bartonia_sp
Loasaceae/Caiophora/Caiophora_lateritia
Loasaceae/Klaprothia/Klaprothia_fasciculata
Loasaceae/Gronovia/Gronovia_scandens
Onagraceae/Ludwigia/Ludwigia_adscendens
Onagraceae/Fuchsia/Fuchsia_coccinea
Onagraceae/Clarkia/Clarkia_sp
Onagraceae/Clarkia/Clarkia_concinna
Onagraceae/Lopezia/Lopezia_racemosa
Onagraceae/Ludwigia/Ludwigia_palustris
Onagraceae/Circaea/Circaea_lutetiana
Lythraceae/Trapa/Trapa_natans
Haloragaceae/Haloragis/Haloragis_erecta
Haloragaceae/Laurembergia/Laurembergia_repens
Haloragaceae/Proserpinaca/Proserpinaca_pectinata
Gunneraceae/Gunnera/Gunnera_petaloidea
Combretaceae/Combretum/Combretum_sp
Combretaceae/Combretum/Combretum_mellifluum
Rhizophoraceae/Rhizophora/Rhizophora_mangle
Lythraceae/Lythrum/Lythrum_salicaria
Lythraceae/Ammannia/Ammannia_coccinea
Lythraceae/Decodon/Decodon_aquaticus
Lythraceae/Lafoensia/Lafoensia_punicifolia
Lythraceae/Physocalymma/Physocalymma_floridum
Lythraceae/Lagerstroemia/Lagerstroemia_floribunda
Lythraceae/Heimia/Heimia_salicifolia
Lythraceae/Antherylium/Antherylium_rohrii
Lythraceae/Ammannia/Ammannia_multiflora
Lythraceae/Lythrum/Lythrum_portula
Lythraceae/Lythrum/Lythrum_volgense
Lythraceae/Lythrum/Lythrum_hyssopifolia
Lythraceae/Diplusodon/Diplusodon_hexander
Lythraceae/Lawsonia/Lawsonia_inermis
Lythraceae/Lagerstroemia/Lagerstroemia_speciosa
Lythraceae/Cuphea/Cuphea_lanceolata
Lythraceae/Cuphea/Cuphea_parsonsia
Lythraceae/Pleurophora/Pleurophora_pungens
Melastomataceae/Lasiandra/Lasiandra_sp
Melastomataceae/Rhexia/Rhexia_virginica
Melastomataceae/Sonerila/Sonerila_sp
Myrtaceae/Myrtus/Myrtus_communis
Myrtaceae/Myrcianthes/Myrcianthes_fragrans
Myrtaceae/Callistemon/Callistemon_salignus
Myrtaceae/Beaufortia/Beaufortia_decussata
Myrtaceae/Verticordia/Verticordia_nitens
Myrtaceae/Thryptomene/Thryptomene_calycina
Lecythidaceae/Gustavia/Gustavia_augusta
Lecythidaceae/Couroupita/Couroupita_guianensis
Lythraceae/Punica/Punica_granatum
Thymelaeaceae/Gnidia/Gnidia_juniperifolia
Thymelaeaceae/Daphne/Daphne_mezereum
Thymelaeaceae/Lophostoma/Lophostoma_calophylloides
Thymelaeaceae/Struthiola/Struthiola_erecta
Thymelaeaceae/Struthiola/Struthiola_striata
Thymelaeaceae/Pimelea/Pimelea_drupacea
Elaeagnaceae/Shepherdia/Shepherdia_canadensis
Elaeagnaceae/Elaeagnus/Elaeagnus_angustifolia
Elaeagnaceae/Elaeagnus/Elaeagnus_rhamnoides_F
Rosaceae/Mespilus/Mespilus_germanica
Rosaceae/Pirus/Pirus_sp
Rosaceae/Sorbus/Sorbus_domestica
Rosaceae/Rhaphiolepis/Rhaphiolepis_sp
Rosaceae/Crataegus/Crataegus_intricata
Rosaceae/Rosa/Rosa_clinophylla
Rosaceae/Comarum/Comarum_palustre
Rosaceae/Dasiphora/Dasiphora_fruticosa
Rosaceae/Dryas/Dryas_octopetala
Rosaceae/Sibbaldia/Sibbaldia_cuneata
Rosaceae/Chamaerhodos/Chamaerhodos_erecta
Rosaceae/Alchemilla/Alchemilla_xanthochlora
Rosaceae/Aphanes/Aphanes_arvensis
Rosaceae/Sanguisorba/Sanguisorba_officinalis
Rosaceae/Sanguisorba/Sanguisorba_minor
Rosaceae/Agrimonia/Agrimonia_procera
Rosaceae/Cliffortia/Cliffortia_ilicifolia
Rosaceae/Spiraea/Spiraea_hypericifolia
Rosaceae/Spiraea/Spiraea_trifoliata
Rosaceae/Rhodotypos/Rhodotypos_scandens
Rosaceae/Quillaja/Quillaja_brasiliensis
Rosaceae/Prunus/Prunus_padus
Rosaceae/Prunus/Prunus_virginiana
Rosaceae/Oemleria/Oemleria_cerasiformis
Chrysobalanaceae/Licania/Licania_macrophylla
Chrysobalanaceae/Licania/Licania_crassivenia
Chrysobalanaceae/Hirtella/Hirtella_triandra
Chrysobalanaceae/Couepia/Couepia_macrophylla
Chrysobalanaceae/Parinarium/Parinarium_sp
Chrysobalanaceae/Hirtella/Hirtella_paniculata
Fabaceae/Vicia/Vicia_faba
Fabaceae/Cytisus/Cytisus_laburnum
Fabaceae/Amorpha/Amorpha_fruticosa
Fabaceae/Chorizema/Chorizema_cordatum
Fabaceae/Cercis/Cercis_siliquastrum
Fabaceae/Cassia/Cassia_caroliniana
Fabaceae/Amherstia/Amherstia_nobilis
Fabaceae/Tamarindus/Tamarindus_indica
Fabaceae/Macrolobium/Macrolobium_multijugum
Fabaceae/Dimorphandra/Dimorphandra_sp
Fabaceae/Apuleia/Apuleia_praecox
Fabaceae/Copaifera/Copaifera_langsdorffii
Fabaceae/Ceratonia/Ceratonia_siliqua
Fabaceae/Dialium/Dialium_guianense
Fabaceae/Aldina/Aldina_latifolia
Fabaceae/Swartzia/Swartzia_langsdorffii
Krameriaceae/Krameria/Krameria_lappacea
Krameriaceae/Krameria/Krameria_secundiflora
Fabaceae/Parkia/Parkia_biglobosa
Fabaceae/Mimosa/Mimosa_pudica
Fabaceae/Acacia/Acacia_latifolia
Fabaceae/Acacia/Acacia_juniperina
Aristolochiaceae/Asarum/Asarum_europaeum
Aristolochiaceae/Aristolochia/Aristolochia_clematitis
Aristolochiaceae/Aristolochia/Aristolochia_macrophylla
Rafflesiaceae/Cytinus/Cytinus_hypocistis_M
Rafflesiaceae/Pilostyles/Pilostyles_caulotreti_M
Rafflesiaceae/Apodanthes/Apodanthes_caseariae_F
Santalaceae/Thesium/Thesium_pratense
Santalaceae/Santalum/Santalum_album
Santalaceae/Osyris/Osyris_alba_M
Santalaceae/Thesidium/Thesidium_fragile
Santalaceae/Rhoiacarpos/Rhoiacarpos_capensis
Santalaceae/Choretrum/Choretrum_lateriflorum
Loranthaceae/Loranthus/Loranthus_europaeus
Nymphaeaceae/Nuphar/Nuphar_pumila
Fabaceae/Senna/Senna_bacillaris
Juncaginaceae/Triglochin/Triglochin_striata
Hydrocharitaceae/Hydrilla/Hydrilla_verticillata
Arecaceae/Phoenix/Phoenix_reclinata
Restionaceae/Lepyrodia/Lepyrodia_hermaphrodita
Mayacaceae/Mayaca/Mayaca_madida
Asteraceae/Nematopus/Nematopus_sp
Eriocaulaceae/Paepalanthus/Paepalanthus_melaleucus
Rapateaceae/Rapatea/Rapatea_paludosa
Bromeliaceae/Hohenbergia/Hohenbergia_stellata
Commelinaceae/Dichorisandra/Dichorisandra_hexandra
Pontederiaceae/Pontederia/Pontederia_sp
Juncaceae/Juncus/Juncus_sp
Asparagaceae/Aphyllanthes/Aphyllanthes_monspeliensis
Velloziaceae/Vellozia/Vellozia_epidendroides
Musaceae/Musa/Musa_ornata
Zingiberaceae/Kaempferia/Kaempferia_ovalifolia
Orchidaceae/Epipactis/Epipactis_sp
Santalaceae/Eubrachion/Eubrachion_brasiliense
Polygonaceae/Koenigia/Koenigia_islandica
Polygonaceae/Podopterus/Podopterus_mexicanus
Amaranthaceae/Pupalia/Pupalia_lappacea
Bataceae/Batis/Batis_maritima_M
Portulacaceae/Calandrinia/Calandrinia_ciliata
Magnoliaceae/Magnolia/Magnolia_figo
Aristolochiaceae/Lactoris/Lactoris_fernandeziana
Annonaceae/Fusaea/Fusaea_longifolia
Lauraceae/Cinnamomum/Cinnamomum_zeylanicum
Lauraceae/Aiouea/Aiouea_tenella
Lauraceae/Eusideroxylon/Eusideroxylon_sp
Lauraceae/Cinnamomum/Cinnamomum_camphora
Capparaceae/Cleome/Cleome_tetrandra
Capparaceae/Dactylaena/Dactylaena_micrantha
Capparaceae/Polanisia/Polanisia_sp
Capparaceae/Atamisquea/Atamisquea_emarginata
Capparaceae/Justago/Justago_cleomoides
Capparaceae/Polanisia/Polanisia_graveolens
Capparaceae/Boscia/Boscia_senegalensis
Podostemaceae/Lawia/Lawia_ramosissima
Podostemaceae/Apinagia/Apinagia_flexuosa
Crassulaceae/Crassula/Crassula_perforata
Saxifragaceae/Astilbe/Astilbe_thunbergii
Saxifragaceae/Rodgersia/Rodgersia_podophylla
Saxifragaceae/Francoa/Francoa_appendiculata
Hydrangeaceae/Fendlera/Fendlera_rupicola
Cunoniaceae/Acsmithia/Acsmithia_vitiensis
Cunoniaceae/Cunonia/Cunonia_capensis
Hamamelidaceae/Rhodoleia/Rhodoleia_championii
Bruniaceae/Brunia/Brunia_nodiflora
Bruniaceae/Berzelia/Berzelia_lanuginosa
Rosaceae/Rhaphiolepis/Rhaphiolepis_indica
Rosaceae/Mespilus/Mespilus_coccinea
Rosaceae/Prunus/Prunus_spinosa
Fabaceae/Tounatea/Tounatea_pulchra
Fabaceae/Laburnum/Laburnum_vulgare
Fabaceae/Bauhinia/Bauhinia_microstachya
Fabaceae/Bauhinia/Bauhinia_petiolata
Fabaceae/Bauhinia/Bauhinia_pauletia
Fabaceae/Bauhinia/Bauhinia_purpurea
Fabaceae/Bauhinia/Bauhinia_scandens
Fabaceae/Bauhinia/Bauhinia_burkeana
Fabaceae/Bauhinia/Bauhinia_monandra
Fabaceae/Bauhinia/Bauhinia_dipetala
Fabaceae/Bauhinia/Bauhinia_forficata
Fabaceae/Dicorynia/Dicorynia_paraensis
Geraniaceae/Viviania/Viviania_marifolia
Linaceae/Hugonia/Hugonia_mystax
Humiriaceae/Humiria/Humiria_balsamifera
Humiriaceae/Sacoglottis/Sacoglottis_guianensis
Humiriaceae/Vantanea/Vantanea_compacta
Erythroxylaceae/Erythroxylum/Erythroxylum_citrifolium
Malpighiaceae/Aspidopterys/Aspidopterys_indica
Malpighiaceae/Stigmaphyllon/Stigmaphyllon_angustilobum
Malpighiaceae/Camarea/Camarea_hirsuta
Cneoraceae/Euonymus/Euonymus_nanus
Rutaceae/Bouchardatia/Bouchardatia_neurococca
Rutaceae/Zanthoxylum/Zanthoxylum_caribaeum_F
Rutaceae/Zanthoxylum/Zanthoxylum_martinicense_M
Rutaceae/Zanthoxylum/Zanthoxylum_schreberi_M
Rutaceae/Zanthoxylum/Zanthoxylum_flavum_F
Rutaceae/Zanthoxylum/Zanthoxylum_fagara_F
Rutaceae/Zanthoxylum/Zanthoxylum_punctatum
Rutaceae/Zanthoxylum/Zanthoxylum_acuminatum
Rutaceae/Empleurum/Empleurum_unicapsularis
Rutaceae/Helietta/Helietta_parvifolia
Burseraceae/Canarium/Canarium_australasicum
Burseraceae/Commiphora/Commiphora_sp
Meliaceae/Entandrophragma/Entandrophragma_angolense
Polygalaceae/Polygala/Polygala_vulgaris
Euphorbiaceae/Andrachne/Andrachne_telephioides
Anacardiaceae/Haplorhus/Haplorhus_peruviana
Anacardiaceae/Nothopegia/Nothopegia_colebrookiana
Cyrillaceae/Cliftonia/Cliftonia_monophylla
Celastraceae/Evonymus/Evonymus_verrucosa
Celastraceae/Glossopetalum/Glossopetalum_sp
Celastraceae/Celastrus/Celastrus_paniculatus
Celastraceae/Hippocratea/Hippocratea_obtusifolia
Icacinaceae/Emmotum/Emmotum_nitens
Sabiaceae/Sabia/Sabia_lanceolata
Sabiaceae/Meliosma/Meliosma_brasiliensis
Melianthaceae/Bersama/Bersama_abyssinica
Melianthaceae/Melianthus/Melianthus_major
Francoaceae/Greyia/Greyia_sutherlandii
Malvaceae/Vasivaea/Vasivaea_alchorneoides
Malvaceae/Spirotheca/Spirotheca_rivieri
Malvaceae/Ayenia/Ayenia_cordobensis
Dilleniaceae/Hibbertia/Hibbertia_lucens
Dilleniaceae/Hibbertia/Hibbertia_hypericoides
Dilleniaceae/Hibbertia/Hibbertia_stricta
Dilleniaceae/Hibbertia/Hibbertia_readii
Ochnaceae/Ochna/Ochna_leucophloeos
Ochnaceae/Ouratea/Ouratea_polygyna
Ochnaceae/Godoya/Godoya_antioquiensis
Ochnaceae/Blastemanthus/Blastemanthus_gemmiflorus
Ochnaceae/Wallacea/Wallacea_insignis
Ochnaceae/Sauvagesia/Sauvagesia_serrata
Ochnaceae/Poecilandra/Poecilandra_retusa
Ochnaceae/Sauvagesia/Sauvagesia_racemosa
Ochnaceae/Sauvagesia/Sauvagesia_tenella
Ochnaceae/Sauvagesia/Sauvagesia_glandulosa
Ochnaceae/Luxemburgia/Luxemburgia_nobilis
Sarcolaenaceae/Sarcochlaena/Sarcochlaena_sp
Clusiaceae/Hypericum/Hypericum_heterostylum
Clusiaceae/Hypericum/Hypericum_androsaemum
Clusiaceae/Garcinia/Garcinia_vilersiana
Dipterocarpaceae/Hopea/Hopea_pierrei
Elatinaceae/Elatine/Elatine_hydropiper
Elatinaceae/Elatine/Elatine_americana
Canellaceae/Canella/Canella_winterana
Canellaceae/Pleodendron/Pleodendron_macranthum
Canellaceae/Cinnamosma/Cinnamosma_fragrans
Violaceae/Rinorea/Rinorea_sp
Salicaceae/Dasylepis/Dasylepis_blackii
Salicaceae/Carpotroche/Carpotroche_brasiliensis
Salicaceae/Abatia/Abatia_americana
Salicaceae/Dissomeria/Dissomeria_crenata
Rubiaceae/Ladenbergia/Ladenbergia_oblongifolia
Passifloraceae/Turnera/Turnera_ulmifolia
Loasaceae/Mentzelia/Mentzelia_bartonioides
Loasaceae/Mentzelia/Mentzelia_aurea
Loasaceae/Mentzelia/Mentzelia_albescens
Loasaceae/Eucnide/Eucnide_bartonioides
Loasaceae/Sympetaleia/Sympetaleia_rupestris
Loasaceae/Klaprothia/Klaprothia_mentzelioides
Loasaceae/Kissenia/Kissenia_spathulata
Loasaceae/Nasa/Nasa_argemonoides
Loasaceae/Nasa/Nasa_urens
Loasaceae/Huidobria/Huidobria_chilensis
Loasaceae/Presliophytum/Presliophytum_incanum
Loasaceae/Scyphanthus/Scyphanthus_elegans
Loasaceae/Caiophora/Caiophora_chuquitensis
Loasaceae/Blumenbachia/Blumenbachia_hieronymi
Lythraceae/Diplusodon/Diplusodon_Pohl
Lythraceae/Rotala/Rotala_sp
Lythraceae/Ammannia/Ammannia_microcarpa
Lythraceae/Rotala/Rotala_mexicana
Lythraceae/Rotala/Rotala_serpiculoides
Lecythidaceae/Barringtonia/Barringtonia_macrocarpa
Rhizophoraceae/Bruguiera/Bruguiera_gymnorhiza
Myrtaceae/Darwinia/Darwinia_oederoides
Myrtaceae/Verticordia/Verticordia_densiflora
Myrtaceae/Actinodium/Actinodium_cunninghamii
Myrtaceae/Callistemon/Callistemon_lanceolatus
Myrtaceae/Calytrix/Calytrix_tetragona
Myrtaceae/Micromyrtus/Micromyrtus_ciliata
Myrtaceae/Pileanthus/Pileanthus_limacis
Myrtaceae/Chamelaucium/Chamelaucium_ciliatum
Myrtaceae/Verticordia/Verticordia_picta
Myrtaceae/Homalocalyx/Homalocalyx_ericaeus
Combretaceae/Combretum/Combretum_nanum
Combretaceae/Bucida/Bucida_buceras
Combretaceae/Combretum/Combretum_indicum
Combretaceae/Lumnitzera/Lumnitzera_littorea
Combretaceae/Laguncularia/Laguncularia_racemosa
Melastomataceae/Tibouchina/Tibouchina_sp
Melastomataceae/Cassebeeria/Cassebeeria_sp
Onagraceae/Fuchsia/Fuchsia_sp
Onagraceae/Eucharidium/Eucharidium_sp
Onagraceae/Lopezia/Lopezia_sp
Haloragaceae/Haloragis/Haloragis_alata
Haloragaceae/Serpicula/Serpicula_indica
Ericaceae/Pyrola/Pyrola_sp
Ericaceae/Erica/Erica_corifolia
Ericaceae/Erica/Erica_cylindrica
Ericaceae/Erica/Erica_xeranthemifolia
Ericaceae/Erica/Erica_labialis
Ericaceae/Leiophyllum/Leiophyllum_buxifolium
Ericaceae/Rhododendron/Rhododendron_formosum
Ericaceae/Rhododendron/Rhododendron_luteum
Ericaceae/Leucopogon/Leucopogon_lanceolatus
Diapensiaceae/Diapensia/Diapensia_lapponica
Plumbaginaceae/Armeria/Armeria_arenaria
Sapotaceae/Chrysophyllum/Chrysophyllum_marginatum
Sapotaceae/Madhuca/Madhuca_longifolia
Styracaceae/Styrax/Styrax_martii
Polygalaceae/Diclidanthera/Diclidanthera_laurifolia
Oleaceae/Syringa/Syringa_vulgaris
Oleaceae/Jasminum/Jasminum_humile
Oleaceae/Jasminum/Jasminum_odoratissimum
Salvadoraceae/Salvadora/Salvadora_oleoides
Loganiaceae/Logania/Logania_floribunda
Scrophulariaceae/Nuxia/Nuxia_congesta
Loganiaceae/Usteria/Usteria_guineensis
Convolvulaceae/Pharbitis/Pharbitis_hispida
Lamiaceae/Physopsis/Physopsis_spicata
Lamiaceae/Callicarpa/Callicarpa_pentandra
Scrophulariaceae/Myoporum/Myoporum_sp
Plantaginaceae/Plantago/Plantago_lanceolata
Plantaginaceae/Littorella/Littorella_sp
Caprifoliaceae/Diervilla/Diervilla_florida
Adoxaceae/Adoxa/Adoxa_moschatellina
Caprifoliaceae/Triplostegia/Triplostegia_glandulifera
Capparaceae/Colicodendron/Colicodendron_yco
Amborellaceae/Amborella/Amborella_trichopoda_M
Cabombaceae/Brasenia/Brasenia_schreberi
Schisandraceae/Illicium/Illicium_simonsii
Magnoliaceae/Magnolia/Magnolia_paenetalauma
Annonaceae/Artabotrys/Artabotrys_hexapetalus
Annonaceae/Monanthotaxis/Monanthotaxis_whytei
Lauraceae/Persea/Persea_americana
Hernandiaceae/Hernandia/Hernandia_nymphaeifolia_M
Monimiaceae/Laurelia/Laurelia_novae-zelandiae
Monimiaceae/Ephippiandra/Ephippiandra_myrtoidea_M
Aristolochiaceae/Asarum/Asarum_caudatum
Saururaceae/Gymnotheca/Gymnotheca_chinensis
Hydrocharitaceae/Hydrocharis/Hydrocharis_morsus-ranae_M
Alismataceae/Luronium/Luronium_natans
Alismataceae/Sagittaria/Sagittaria_lancifolia_M
Araceae/Spathiphyllum/Spathiphyllum_patini
Orchidaceae/Oncidium/Oncidium_altissimum
Asphodelaceae/Aloe/Aloe_elgonica
Iridaceae/Gladiolus/Gladiolus_communis
Iridaceae/Sisyrinchium/Sisyrinchium_striatum
Amaryllidaceae/Tulbaghia/Tulbaghia_simmleri
Taccaceae/Tacca/Tacca_palmatifida
Asparagaceae/Tricyrtis/Tricyrtis_puberula
Melanthiaceae/Paris/Paris_polyphylla
Smilacaceae/Smilax/Smilax_aspera_M
Triuridaceae/Lacandonia/Lacandonia_schismatica
Velloziaceae/Xerophyta/Xerophyta_splendens
Orchidaceae/Prasophyllum/Prasophyllum_gracile_M
Haemodoraceae/Anigozanthos/Anigozanthos_flavidus
Haemodoraceae/Xiphidium/Xiphidium_coeruleum
Commelinaceae/Callisia/Callisia_warszewicziana
Restionaceae/Hypodiscus/Hypodiscus_aristatus_F
Restionaceae/Elegia/Elegia_cuspidata_M
Musaceae/Musa/Musa_campestris
Costaceae/Costus/Costus_curvibracteatus
Zingiberaceae/Roscoea/Roscoea_cautleoides
Cannaceae/Canna/Canna_edulis
Papaveraceae/Eschscholzia/Eschscholzia_californica
Papaveraceae/Macleaya/Macleaya_microcarpa
Papaveraceae/Pseudofumaria/Pseudofumaria_lutea
Lardizabalaceae/Holboellia/Holboellia_angustifolia_M
Menispermaceae/Cocculus/Cocculus_laurifolius_M
Berberidaceae/Epimedium/Epimedium_sp
Berberidaceae/Podophyllum/Podophyllum_peltatum
Ranunculaceae/Ranunculus/Ranunculus_ficaria
Ranunculaceae/Aquilegia/Aquilegia_sp
Sabiaceae/Meliosma/Meliosma_dilleniifolia
Nelumbonaceae/Nelumbo/Nelumbo_nucifera
Trochodendraceae/Tetracentron/Tetracentron_sinense
Buxaceae/Buxus/Buxus_sempervirens_M
Gunneraceae/Gunnera/Gunnera_manicata
Salicaceae/Berberidopsis/Berberidopsis_corallina
Aextoxicaceae/Aextoxicon/Aextoxicon_punctatum_M
Olacaceae/Coula/Coula_edulis
Loranthaceae/Phthirusa/Phthirusa_pyrifolia
Santalaceae/Thesium/Thesium_strictum
Dilleniaceae/Hibbertia/Hibbertia_cuneiformis
Nepenthaceae/Nepenthes/Nepenthes_alata_M
Droseraceae/Drosera/Drosera_capensis
Tamaricaceae/Reaumuria/Reaumuria_vermiculata
Frankeniaceae/Frankenia/Frankenia_laevis
Polygonaceae/Rheum/Rheum_webbiana
Polygonaceae/Persicaria/Persicaria_lapathifolia
Plumbaginaceae/Ceratostigma/Ceratostigma_minus
Simmondsiaceae/Simmondsia/Simmondsia_chinensis_F
Caryophyllaceae/Arenaria/Arenaria_tmolea
Caryophyllaceae/Chaetonychia/Chaetonychia_cymosa
Amaranthaceae/Blutaparon/Blutaparon_vermiculare
Molluginaceae/Corbichonia/Corbichonia_decumbens
Molluginaceae/Glinus/Glinus_lotoides
Aizoaceae/Mesembryanthemum/Mesembryanthemum_nodiflorum
Nyctaginaceae/Bougainvillea/Bougainvillea_glabra
Phytolaccaceae/Phytolacca/Phytolacca_dodecandra
Phytolaccaceae/Trichostigma/Trichostigma_peruvianum
Phytolaccaceae/Ercilla/Ercilla_spicata
Portulacaceae/Lewisia/Lewisia_columbiana
Cactaceae/Echinopsis/Echinopsis_formosa
Hamamelidaceae/Hamamelis/Hamamelis_japonica
Paeoniaceae/Paeonia/Paeonia_potaninii
Crassulaceae/Kalanchoe/Kalanchoe_fedtschenkoi
Grossulariaceae/Ribes/Ribes_speciosum
Saxifragaceae/Rodgersia/Rodgersia_aesculifolia
Saxifragaceae/Saxifraga/Saxifraga_fortunei
Geraniaceae/Erodium/Erodium_leucanthum
Geraniaceae/Pelargonium/Pelargonium_abrotanifolium
Saxifragaceae/Francoa/Francoa_sonchifolia
Onagraceae/Epilobium/Epilobium_angustifolium
Myrtaceae/Callistemon/Callistemon_citrinus
Myrtaceae/Syzygium/Syzygium_australe
Melastomataceae/Medinilla/Medinilla_magnifica
Combretaceae/Guiera/Guiera_senegalensis
Neuradaceae/Neurada/Neurada_procumbens
Cistaceae/Cistus/Cistus_salviifolius
Malvaceae/Theobroma/Theobroma_cacao
Malvaceae/Tilia/Tilia_europaea
Malvaceae/Sterculia/Sterculia_coccinea
Malvaceae/Abutilon/Abutilon_megapotamicum
Sapindaceae/Acer/Acer_griseum
Sapindaceae/Serjania/Serjania_glabrata
Rutaceae/Galipea/Galipea_riedeliana
Rutaceae/Boenninghausenia/Boenninghausenia_albiflora
Anacardiaceae/Toxicodendron/Toxicodendron_vernicifluum
Tropaeolaceae/Tropaeolum/Tropaeolum_majus
Moringaceae/Moringa/Moringa_oleifera
Capparaceae/Quadrella/Quadrella_cynophallophora
Capparaceae/Euadenia/Euadenia_eminens
Brassicaceae/Thlaspi/Thlaspi_macrophyllum
Chrysobalanaceae/Chrysobalanus/Chrysobalanus_sp
Malpighiaceae/Galphimia/Galphimia_glauca
Clusiaceae/Symphonia/Symphonia_globulifera
Clusiaceae/Clusia/Clusia_sp_M
Clusiaceae/Garcinia/Garcinia_spicata
Hypericaceae/Hypericum/Hypericum_perforatum
Linaceae/Linum/Linum_monogynum
Passifloraceae/Passiflora/Passiflora_vitifolia
Ochnaceae/Ochna/Ochna_multiflora
Salicaceae/Azara/Azara_serrata
Euphorbiaceae/Jatropha/Jatropha_sp_M
Euphorbiaceae/Clutia/Clutia_sp_M
Phyllanthaceae/Leptopus/Leptopus_chinensis_M
Violaceae/Viola/Viola_tricolor
Escalloniaceae/Brexia/Brexia_madagascariensis
Celastraceae/Tontelea/Tontelea_sp
Cunoniaceae/Caldcluvia/Caldcluvia_paniculata
Elaeocarpaceae/Crinodendron/Crinodendron_patagua
Oxalidaceae/Averrhoa/Averrhoa_carambola
Cucurbitaceae/Cucurbita/Cucurbita_palmata_M
Begoniaceae/Begonia/Begonia_albopicta_M
Polygalaceae/Polygala/Polygala_dalmaisiana
Fabaceae/Calliandra/Calliandra_haematocephala
Fabaceae/Afzelia/Afzelia_quanzensis
Fabaceae/Swartzia/Swartzia_aureosericea
Fabaceae/Strongylodon/Strongylodon_macrobotrys
Fagaceae/Castanea/Castanea_sativa_M
Rosaceae/Spiraea/Spiraea_salicifolia
Rosaceae/Sanguisorba/Sanguisorba_tenuifolia
Ulmaceae/Zelkova/Zelkova_serrata
Rhamnaceae/Ceanothus/Ceanothus_dentatus
Elaeagnaceae/Elaeagnus/Elaeagnus_umbellata
Hydrangeaceae/Kirengeshoma/Kirengeshoma_palmata
Hydrangeaceae/Dichroa/Dichroa_febrifuga
Loasaceae/Caiophora/Caiophora_hibiscifolia
Balsaminaceae/Impatiens/Impatiens_platypetala
Ebenaceae/Diospyros/Diospyros_lotus
Primulaceae/Bonellia/Bonellia_macrocarpa
Primulaceae/Soldanella/Soldanella_villosa
Primulaceae/Anagallis/Anagallis_arvensis
Lecythidaceae/Napoleonaea/Napoleonaea_vogelii
Theaceae/Stewartia/Stewartia_pseudocamellia
Theaceae/Cleyera/Cleyera_japonica
Ericaceae/Rhododendron/Rhododendron_tolmachevii
Ericaceae/Macleania/Macleania_stricta
Boraginaceae/Echium/Echium_hierrense
Solanaceae/Cestrum/Cestrum_parqui
Rubiaceae/Arachnothryx/Arachnothryx_laniflora
Gentianaceae/Exacum/Exacum_affine
Apocynaceae/Nerium/Nerium_oleander
Apocynaceae/Periploca/Periploca_graeca
Oleaceae/Osmanthus/Osmanthus_delavayi
Scrophulariaceae/Jovellana/Jovellana_violacea
Scrophulariaceae/Penstemon/Penstemon_fruticosus
Scrophulariaceae/Hebe/Hebe_cheesemanii
Scrophulariaceae/Diascia/Diascia_vigilis
Acanthaceae/Odontonema/Odontonema_tubaeforme
Lamiaceae/Westringia/Westringia_fruticosa
Lamiaceae/Clerodendrum/Clerodendrum_petasites
Caprifoliaceae/Lonicera/Lonicera_acuminata
Caprifoliaceae/Valeriana/Valeriana_repens
Caprifoliaceae/Viburnum/Viburnum_grandiflorum
Pittosporaceae/Pittosporum/Pittosporum_tobira
Araliaceae/Schefflera/Schefflera_elliptica
Apiaceae/Aegopodium/Aegopodium_podagraria
Campanulaceae/Lobelia/Lobelia_tupa
Stylidiaceae/Stylidium/Stylidium_graminifolium
Asteraceae/Ligularia/Ligularia_dentata
